,RMSE,MAE,R2
LightGBM_Tuned,0.0036982503595090923,0.00022421403850773227,0.9999864828689305
