,RMSE,MAE,R2
XGBoost,0.2298101603460518,0.16082640891665087,0.9478048247367425
LightGBM,0.1837419437353273,0.11984272322104998,0.9666336638124311
Stacked Ensemble,0.22082413618260713,0.155154401599226,0.9518068859987278
LSTM,1062.7149253985483,795.7747241805865,0.9862298060484199
