Model,RMSE,MAE,R2
LSTM-only,0.06115726598182732,0.051496571082665414,-3.034419808201067e+29
XGBoost-tuned,0.005662039782979641,0.005631056151980271,-2.600910293157439e+27
Ensemble (LSTM + XGB),0.005662039782979641,0.005631056151980271,-2.600910293157439e+27
