Model,RMSE,MAE
LSTM-only,0.06115726598182732,0.051496571082665414
XGBoost,0.0011907348365043603,0.0005629984429349447
Ensemble (LSTM + XGBoost),0.003458717283029696,0.0015846257482629682
